member_id,name,member_type,loan_period_days
PS0001,รติ,นักศึกษา,14
PS0002,กุ๊กกิ๊ก,นักศึกษา,14
PS0003,เนย,นักศึกษา,14
PS0004,มิวสิค,นักศึกษา,14
PS0005,ชอพอ,นักศึกษา,14
PS0006,ต้นกล้า,นักศึกษา,14
PS0007,แพรวา,นักศึกษา,14
PS0008,มาร์ค,นักศึกษา,14
PS0009,ข้าวหอม,นักศึกษา,14
PS0010,ไทเกอร์,นักศึกษา,14
PS0011,พอยท์,นักศึกษา,14
PS0012,น้ำฟ้า,นักศึกษา,14
PS0013,วิน,นักศึกษา,14
PS0014,มะนาว,นักศึกษา,14
PS0015,ออกัส,นักศึกษา,14
PS0016,บุ๊ค,นักศึกษา,14
PS0017,ภูเขา,นักศึกษา,14
PS0018,เจน,นักศึกษา,14
PS0019,แสนดี,นักศึกษา,14
PS0020,ลีโอ,นักศึกษา,14
PS0021,ฝุ่น,นักศึกษา,14
PS0022,จัสมิน,นักศึกษา,14
PS0023,สายชล,นักศึกษา,14
PS0024,อาร์ม,นักศึกษา,14
PS0025,ชมพู่,นักศึกษา,14
PS0026,คอปเตอร์,นักศึกษา,14
PS0027,เพชร,นักศึกษา,14
PS0028,มีน,นักศึกษา,14
PS0029,ส้มจี๊ด,นักศึกษา,14
PS0030,บอส,นักศึกษา,14
PS0031,น้ำขิง,นักศึกษา,14
PS0032,กาย,นักศึกษา,14
PS0033,ใยบัว,นักศึกษา,14
PS0034,โอโซน,นักศึกษา,14
PS0035,ปลายฟ้า,นักศึกษา,14
PS0036,แม็กซ์,นักศึกษา,14
PS0037,ต้นน้ำ,นักศึกษา,14
PS0038,แป้ง,นักศึกษา,14
PS0039,มิกกี้,นักศึกษา,14
PS0040,ทะเล,นักศึกษา,14
PS0041,ยูโร,นักศึกษา,14
PS0042,ฟรัง,นักศึกษา,14
PS0043,พาย,นักศึกษา,14
PS0044,ธันวา,นักศึกษา,14
PS0045,โซล,นักศึกษา,14
PS0046,มุก,นักศึกษา,14
PS0047,เจมส์,นักศึกษา,14
PS0048,ผิงผิง,นักศึกษา,14
PS0049,เควิน,นักศึกษา,14
PS0050,เมฆ,นักศึกษา,14
PS0051,มิ้นท์,นักศึกษา,14
PS0052,ออสติน,นักศึกษา,14
PS0053,ปั้นสิบ,นักศึกษา,14
PS0054,เบียร์,นักศึกษา,14
PS0055,ถ้วยฟู,นักศึกษา,14
PS0056,ดรีม,นักศึกษา,14
PS0057,ข้าวปั้น,นักศึกษา,14
PS0058,ท๊อป,นักศึกษา,14
PS0059,สายฝน,นักศึกษา,14
PS0060,ไนซ์,นักศึกษา,14
PS0061,ออมสิน,นักศึกษา,14
PS0062,ปาล์ม,นักศึกษา,14
PS0063,ก้านพลู,นักศึกษา,14
PS0064,ไบร์ท,นักศึกษา,14
PS0065,ปาง,นักศึกษา,14
PS0066,ฟลุ๊ค,นักศึกษา,14
PS0067,น้ำหวาน,นักศึกษา,14
PS0068,นัท,นักศึกษา,14
PS0069,แก้มใส,นักศึกษา,14
PS0070,ทิวเขา,นักศึกษา,14
PS0071,อะตอม,นักศึกษา,14
PS0072,แบมแบม,นักศึกษา,14
PS0073,ตะวัน,นักศึกษา,14
PS0074,คริส,นักศึกษา,14
PS0075,ยิ้ม,นักศึกษา,14
PS0076,ไอซ์,นักศึกษา,14
PS0077,ข้าวสวย,นักศึกษา,14
PS0078,พอร์ช,นักศึกษา,14
PS0079,ฝันดี,นักศึกษา,14
PS0080,ไม้ที,นักศึกษา,14
PS0081,พลอย,นักศึกษา,14
PS0082,จูเนียร์,นักศึกษา,14
PS0083,มะลิ,นักศึกษา,14
PS0084,บาส,นักศึกษา,14
PS0085,พรีม,นักศึกษา,14
PS0086,อิกคิว,นักศึกษา,14
PS0087,ต้นข้าว,นักศึกษา,14
PS0088,ฟิล์ม,นักศึกษา,14
PS0089,ชมพู,นักศึกษา,14
PS0090,นนท์,นักศึกษา,14
PS0091,ใยหม่อน,นักศึกษา,14
PS0092,ชอปเปอร์,นักศึกษา,14
PS0093,เพียงออ,นักศึกษา,14
PS0094,เบนซ์,นักศึกษา,14
PS0095,เมเบิ้ล,นักศึกษา,14
PS0096,ยุ้ย,นักศึกษา,14
PS0097,บอนด์,นักศึกษา,14
PS0098,เเตงโม,นักศึกษา,14
PS0099,เบนนี่,นักศึกษา,14
PS0100,กัปตัน,นักศึกษา,14
PS0101,ใบบัว,นักศึกษา,14
PS0102,เซญ่า,นักศึกษา,14
PS0103,ฟาง,นักศึกษา,14
PS0104,แบงค์,นักศึกษา,14
PS0105,ชิตัน,นักศึกษา,14
PS0106,เคน,นักศึกษา,14
PS0107,พริกขิง,นักศึกษา,14
PS0108,มาร์ช,นักศึกษา,14
PS0109,แป้งหอม,นักศึกษา,14
PS0110,คอปเปอร์,นักศึกษา,14
PS0111,หมอก,นักศึกษา,14
PS0112,มะปราง,นักศึกษา,14
PS0113,ฟรองซ์,นักศึกษา,14
PS0114,โมเน่,นักศึกษา,14
PS0115,นิค,นักศึกษา,14
PS0116,หยก,นักศึกษา,14
PS0117,บอย,นักศึกษา,14
PS0118,มะตูม,นักศึกษา,14
PS0119,นิวตัน,นักศึกษา,14
PS0120,พายอาร์,นักศึกษา,14
PS0121,บอล,นักศึกษา,14
PS0122,ผักกาด,นักศึกษา,14
PS0123,ซัน,นักศึกษา,14
PS0124,ลดา,นักศึกษา,14
PS0125,วิว,นักศึกษา,14
PS0126,หมวย,นักศึกษา,14
PS0127,ตุลย์,นักศึกษา,14
PS0128,แพร,นักศึกษา,14
PS0129,กอล์ฟ,นักศึกษา,14
PS0130,สายฟ้า,นักศึกษา,14
PS0131,เกรซ,นักศึกษา,14
PS0132,ต้นไม้,นักศึกษา,14
PS0133,บิวตี้,นักศึกษา,14
PS0134,ข้าวฟ่าง,นักศึกษา,14
PS0135,นิวเคลียร์,นักศึกษา,14
PS0136,พลอยขวัญ,นักศึกษา,14
PS0137,ฟอร์ด,นักศึกษา,14
PS0138,แตงกวา,นักศึกษา,14
PS0139,จ๊อบ,นักศึกษา,14
PS0140,นมสด,นักศึกษา,14
PS0141,มอร์เเกน,นักศึกษา,14
PS0142,บัว,นักศึกษา,14
PS0143,แชมป์,นักศึกษา,14
PS0144,ถุงแป้ง,นักศึกษา,14
PS0145,แซ็ค,นักศึกษา,14
PS0146,เชอร์รี่,นักศึกษา,14
PS0147,วอร์มอัพ,นักศึกษา,14
PS0148,ฝน,นักศึกษา,14
PS0149,ออโต้,นักศึกษา,14
PS0150,กอบัว,นักศึกษา,14
PS0151,ริสา,นักศึกษา,14
PS0152,โฟกัส,นักศึกษา,14
PS0153,จีจี้,นักศึกษา,14
PS0154,เอริค,นักศึกษา,14
PS0155,ปอนด์,นักศึกษา,14
PS0156,อาย,นักศึกษา,14
PS0157,ตี๋,นักศึกษา,14
PS0158,ส้มโอ,นักศึกษา,14
PS0159,พีท,นักศึกษา,14
PS0160,ใยแก้ว,นักศึกษา,14
PS0161,แม็ก,นักศึกษา,14
PS0162,มันนี่,นักศึกษา,14
PS0163,ไนน์,นักศึกษา,14
PS0164,ปลาย,นักศึกษา,14
PS0165,แจ็ค,นักศึกษา,14
PS0166,มีญ่า,นักศึกษา,14
PS0167,มุกดา,นักศึกษา,14
PS0168,มิลิน,นักศึกษา,14
PS0169,น้ำใส,นักศึกษา,14
PS0170,นิคกี้,นักศึกษา,14
PS0171,กวาง,นักศึกษา,14
PS0172,เบน,นักศึกษา,14
PS0173,ส้ม,นักศึกษา,14
PS0174,กานต์,นักศึกษา,14
PS0175,ออม,นักศึกษา,14
PS0176,เอเดน,นักศึกษา,14
PS0177,ปันปัน,นักศึกษา,14
PS0178,นัทตี้,นักศึกษา,14
PS0179,พีพี,นักศึกษา,14
PS0180,ป๋อมแป๋ม,นักศึกษา,14
PS0181,บอลลูน,นักศึกษา,14
PS0182,วินเทจ,นักศึกษา,14
PS0183,โปรเกรส,นักศึกษา,14
PS0184,ซันนี่,นักศึกษา,14
PS0185,ชะเอม,นักศึกษา,14
PS0186,คิริน,นักศึกษา,14
PS0187,ฟางข้าว,นักศึกษา,14
PS0188,อาร์ต,นักศึกษา,14
PS0189,หวาน,นักศึกษา,14
PS0190,ภูมิ,นักศึกษา,14
PS0191,เอวา,นักศึกษา,14
PS0192,สายป่าน,นักศึกษา,14
PS0193,เจฟ,นักศึกษา,14
PS0194,ปาล์มมี่,นักศึกษา,14
PS0195,โฟร์ตี้,นักศึกษา,14
PS0196,การ์ตูน,นักศึกษา,14
PS0197,น้ำอุ่น,นักศึกษา,14
PS0198,ไนท์,นักศึกษา,14
PS0199,ข้าวโอ๊ต,นักศึกษา,14
PS0200,นิวเยียร์,นักศึกษา,14
PS0201,นุ่น,นักศึกษา,14
PS0202,ครีม,นักศึกษา,14
PS0203,ผักหวาน,นักศึกษา,14
PS0204,แป๋ง,นักศึกษา,14
PS0205,น้ำทิพย์,นักศึกษา,14
PS0206,ริว,นักศึกษา,14
PS0207,มัดหมี่,นักศึกษา,14
PS0208,เอิร์ธ,นักศึกษา,14
PS0209,มะเหมี่ยว,นักศึกษา,14
PS0210,ตันหยง,นักศึกษา,14
PS0211,พิม,นักศึกษา,14
PS0212,กิต,นักศึกษา,14
PS0213,มัชฌิ์,นักศึกษา,14
PS0214,เต้,นักศึกษา,14
PS0215,ฟ้าใส,นักศึกษา,14
PS0216,อเล็กซ์,นักศึกษา,14
PS0217,เเจ๊ส,นักศึกษา,14
PS0218,ปาร์ค,นักศึกษา,14
PS0219,แพรดาว,นักศึกษา,14
PS0220,นุ่มนิ่ม,นักศึกษา,14
PS0221,ก้อย,นักศึกษา,14
PS0222,ฌอน,นักศึกษา,14
PS0223,อาเซียน,นักศึกษา,14
PS0224,โน้ต,นักศึกษา,14
PS0225,บากิ,นักศึกษา,14
PS0226,ฝัน,นักศึกษา,14
PS0227,แบงก์,นักศึกษา,14
PS0228,ข้าวจ้าว,นักศึกษา,14
PS0229,กุ๊งกิ๊ง,นักศึกษา,14
PS0230,สายธาร,นักศึกษา,14
PS0231,เปรม,นักศึกษา,14
PS0232,นุช,นักศึกษา,14
PS0233,เฟิร์ส,นักศึกษา,14
PS0234,ตั้งโอ๋,นักศึกษา,14
PS0235,หนูเเย้ม,นักศึกษา,14
PS0236,ซีน,นักศึกษา,14
PS0237,น้ำปั่น,นักศึกษา,14
PS0238,พี,นักศึกษา,14
PS0239,เดล,นักศึกษา,14
PS0240,บีน,นักศึกษา,14
PS0241,ไดร์ฟ,นักศึกษา,14
PS0242,กันต์,นักศึกษา,14
PS0243,ก้านตอง,นักศึกษา,14
PS0244,ไมเคิล,นักศึกษา,14
PS0245,ปิ่น,นักศึกษา,14
PS0246,เจค,นักศึกษา,14
PS0247,แก้วตา,นักศึกษา,14
PS0248,วินเนอร์,นักศึกษา,14
PS0249,แป้งฝุ่น,นักศึกษา,14
PS0250,แดเนียล,นักศึกษา,14
PS0251,บิว,นักศึกษา,14
PS0252,ชูการ์,นักศึกษา,14
PS0253,ปอ,นักศึกษา,14
PS0254,มะขวิด,นักศึกษา,14
PS0255,โชค,นักศึกษา,14
PS0256,น้ำหนึ่ง,นักศึกษา,14
PS0257,ยีนส์,นักศึกษา,14
PS0258,ข้าวตู,นักศึกษา,14
PS0259,มาร์คัส,นักศึกษา,14
PS0260,ปอย,นักศึกษา,14
PS0261,เชียร์,นักศึกษา,14
PS0262,ต้นหนาว,นักศึกษา,14
PS0263,ฟูจิ,นักศึกษา,14
PS0264,นาล่า,นักศึกษา,14
PS0265,น้ำฝน,นักศึกษา,14
PS0266,จิว,นักศึกษา,14
PS0267,ฟีนิกซ์,นักศึกษา,14
PS0268,พริ้ง,นักศึกษา,14
PS0269,นาวา,นักศึกษา,14
PS0270,เกรท,นักศึกษา,14
PS0271,มิว,นักศึกษา,14
PS0272,เนปจูน,นักศึกษา,14
PS0273,ข้าวทิพย์,นักศึกษา,14
PS0274,ชิน,นักศึกษา,14
PS0275,ไอนํ้า,นักศึกษา,14
PS0276,ลิโอ,นักศึกษา,14
PS0277,โมนา,นักศึกษา,14
PS0278,บิลลี่,นักศึกษา,14
PS0279,เจนนี่,นักศึกษา,14
PS0280,ปั้น,นักศึกษา,14
PS0281,ถุงเงิน,นักศึกษา,14
PS0282,เมลล์,นักศึกษา,14
PS0283,เจรา,นักศึกษา,14
PS0284,ฟ่ง,นักศึกษา,14
PS0285,ส้มเช้ง,นักศึกษา,14
PS0286,ภีม,นักศึกษา,14
PS0287,ผักบุ้ง,นักศึกษา,14
PS0288,เฟอร์บี้,นักศึกษา,14
PS0289,ยิ้มหวาน,นักศึกษา,14
PS0290,เอ็มที,นักศึกษา,14
PS0291,ใยไหม,นักศึกษา,14
PS0292,เนม,นักศึกษา,14
PS0293,ฟางฟาง,นักศึกษา,14
PS0294,มิน,นักศึกษา,14
PS0295,สายหมอก,นักศึกษา,14
PS0296,นิวตรอน,นักศึกษา,14
PS0297,แก้ม,นักศึกษา,14
PS0298,เจสัน,นักศึกษา,14
PS0299,กีตาร์,นักศึกษา,14
PS0300,ภูผา,นักศึกษา,14
PT0001,อร,อาจารย์,30
PT0002,พจน์,อาจารย์,30
PT0003,เพ็ญ,อาจารย์,30
PT0004,เดช,อาจารย์,30
PT0005,พร,อาจารย์,30
PT0006,ชาญ,อาจารย์,30
PT0007,ปาณ,อาจารย์,30
PT0008,วิทย์,อาจารย์,30
PT0009,ยุทธ,อาจารย์,30
PT0010,ฉัตร,อาจารย์,30
PT0011,ภา,อาจารย์,30
PT0012,โส,อาจารย์,30
PT0013,เกษม,อาจารย์,30
PT0014,สิทธิ์,อาจารย์,30
PT0015,เนตร,อาจารย์,30
PT0016,แอ๊ด,อาจารย์,30
PT0017,รุจ,อาจารย์,30
PT0018,หน่อย,อาจารย์,30
PT0019,ชัย,อาจารย์,30
PT0020,โจ้,อาจารย์,30
PT0021,เอก,อาจารย์,30
PT0022,ตั้ม,อาจารย์,30
PT0023,ป้อม,อาจารย์,30
PT0024,เอ๋,อาจารย์,30
PT0025,ปู,อาจารย์,30
PT0026,ตู่,อาจารย์,30
PT0027,นก,อาจารย์,30
PT0028,ใหญ่,อาจารย์,30
PT0029,เล็ก,อาจารย์,30
PT0030,มุ่ย,อาจารย์,30
PT0031,นัน,อาจารย์,30
PT0032,ติ๊ก,อาจารย์,30
PT0033,อ๊อด,อาจารย์,30
PT0034,ปิ๊ก,อาจารย์,30
PT0035,จิ๊บ,อาจารย์,30
PT0036,กุ้ง,อาจารย์,30
PT0037,ตุ๊ก,อาจารย์,30
PT0038,ไก่,อาจารย์,30
PT0039,หมู,อาจารย์,30
PT0040,ป๋อง,อาจารย์,30
PT0041,อ้น,อาจารย์,30
PT0042,จ๊อด,อาจารย์,30
PT0043,ผึ้ง,อาจารย์,30
PT0044,ศรี,อาจารย์,30
PT0045,สม,อาจารย์,30
PT0046,ชิด,อาจารย์,30
PT0047,ดล,อาจารย์,30
PT0048,สุ,อาจารย์,30
PT0049,ติ๋น,อาจารย์,30
PT0050,ศักดิ์,อาจารย์,30
